no,grade,course_id,category,class_no,name,credits,hours,schedule,professor,capacity,lecture_type,status
1,1,NDGE05021,전선,8590,컴퓨터공학개론,3.0,3.0,"월1330-1500(자연과학관 516), 수1500-1630(상허산학협력관 409)",김정환,35,이론+실습,
2,1,NDGE05021,전선,8591,컴퓨터공학개론,3.0,3.0,"월1500-1630(자연과학관 401), 목1500-1630(자연과학관 401)",최수민,35,이론+실습,
3,1,NDGE05021,전선,8592,컴퓨터공학개론,3.0,3.0,"월1630-1800(자연과학관 401), 목1630-1800(자연과학관 401)",최수민,35,이론+실습,
4,1,NDGE14419,전선,8604,이산수학,3.0,3.0,"월1500-1630(자연과학관 502), 수1030-1200(자연과학관 502)",김창호,50,이론,
5,1,NDGE14544,전선,8607,전산통계,3.0,3.0,"화0900-1030(자연과학관 401), 목1030-1200(자연과학관 401)",선우하식,40,이론+실습,
6,1,NDGE14544,전선,8608,전산통계,3.0,3.0,"화1030-1200(자연과학관 401), 목0900-1030(자연과학관 401)",선우하식,40,이론+실습,
7,1,NDGE67863,전선,8628,Python프로그래밍,3.0,3.0,"수1630-1800(종합강의동302-2), 목1330-1500(종합강의동302-2)",백우진,35,이론+실습,
8,1,NDGE67863,전선,8629,Python프로그래밍,3.0,3.0,"수1030-1200(종합강의동302-2), 목1030-1200(종합강의동302-2)",이철원,35,이론+실습,
9,1,NDGE67863,전선,8630,Python프로그래밍,3.0,3.0,"월1030-1200(자연과학관206), 화1330-1500(자연과학관401)",이철원,35,이론+실습,
21,2,NDGE05022,전선,8593,컴퓨터시스템,3.0,3.0,"월1500-1630(자연과학관 206), 화1330-1500(자연과학관 206)",박민규,50,이론+실습,
22,2,NDGE11820,전선,8594,웹프로그래밍,3.0,3.0,"월1030-1200(자연과학관 502), 화0900-1030(상허산학협력관 409)",강현규,35,이론+실습,
23,2,NDGE11820,전선,8595,웹프로그래밍,3.0,3.0,"월1330-1500(자연과학관 502), 화1330-1500(상허산학협력관 409)",강현규,35,이론+실습,
24,2,NDGE11820,전선,8596,웹프로그래밍,3.0,3.0,"월1630-1800(자연과학관 502), 수0900-1030(상허산학협력관 409)",강현규,35,이론+실습,
25,2,NDGE14393,전선,8603,디지털논리회로,3.0,3.0,"월1500-1630(자연과학관 516), 화1030-1200(자연과학관 502)",이철원,40,이론,
26,2,NDGE15060,전필,8609,자료구조,3.0,3.0,"월1030-1200(상허산학협력관 409), 화1030-1200(상허산학협력관 409)",김정환,35,이론+실습,
27,2,NDGE21122,전선,8610,프로그래밍실습,3.0,3.0,"수1030-1200(상허산학협력관 409), 목1200-1330(종합강의동302-1)",고명철,33,이론+실습,
28,2,NDGE21122,전선,8611,프로그래밍실습,3.0,3.0,"수1500-1630(종합강의동302-1), 목1030-1200(종합강의동302-1)",고명철,33,이론+실습,
29,2,NDGE21122,전선,8612,프로그래밍실습,3.0,3.0,"수1630-1800(종합강의동302-1), 목0900-1030(상허산학협력관 409)",고명철,33,이론+실습,
30,2,NDGE48003,전선,8615,Java프로그래밍1,3.0,3.0,"월1030-1330(자연과학관 206)",한상철,35,이론+실습,폐강
31,2,NDGE48003,전선,8616,Java프로그래밍1,3.0,3.0,"목1030-1330(상허산학협력관 409)",한상철,80,이론+실습,
32,2,NDGE48003,전선,8617,Java프로그래밍1,3.0,3.0,"금1030-1330(실시간온라인)",한상철,100,실시간온라인,
33,2,NDGE54361,전선,8618,데이터과학,3.0,3.0,"월1330-1500(자연과학관 206), 수0900-1030(자연과학관 206)",선우하식,40,이론+실습,
34,2,NDGE54361,전선,8037,데이터과학,3.0,3.0,"월1630-1800(자연과학관 206), 수1030-1200(자연과학관 206)",선우하식,40,이론+실습,
35,3,NDGE11863,전선,8597,데이터베이스,3.0,3.0,"월1330-1500(종합강의동302-1), 화0900-1030(종합강의동302-1)",신문선,35,이론+실습,
36,3,NDGE11863,전선,8598,데이터베이스,3.0,3.0,"월1500-1630(종합강의동302-1), 화1030-1200(종합강의동302-1)",신문선,35,이론+실습,
37,3,NDGE11863,전선,8599,데이터베이스,3.0,3.0,"월1200-1330(종합강의동302-1), 수0900-1030(종합강의동302-1)",신문선,35,이론+실습,
38,3,NDGE12137,전선,8600,운영체제,3.0,3.0,"월0900-1030(자연과학관 401), 수1030-1200(자연과학관 401)",전흥석,35,이론+실습,
39,3,NDGE12137,전선,8601,운영체제,3.0,3.0,"월1030-1200(자연과학관 401), 수0900-1030(자연과학관 401)",전흥석,35,이론+실습,
40,3,NDGE12137,전선,8602,운영체제,3.0,3.0,"월1500-1630(상허산학협력관 409), 수1630-1800(상허산학협력관 409)",김정환,45,이론+실습,
41,3,NDGE14448,전선,8605,컴퓨터알고리즘,3.0,3.0,"월1630-1800(자연과학관 516), 화1030-1200(자연과학관 206)",김창호,45,이론+실습,
42,3,NDGE14448,전선,8606,컴퓨터알고리즘,3.0,3.0,"월1030-1200(자연과학관 516), 수1630-1800(자연과학관 206)",김창호,45,이론+실습,
43,3,NDGE59586,전선,8625,Swift프로그래밍,3.0,3.0,e-러닝 교과목,전흥석,50,e-러닝,
44,3,NDGE66402,전선,8626,인공지능기초,3.0,3.0,"목1030-1330(자연과학관 206)",백우진,40,이론+실습,
45,3,NDGE67866,전선,8631,Kotlin프로그래밍,3.0,3.0,"화1630-1800(자연과학관 206), 수1500-1630(자연과학관 206)",박민규,50,이론+실습,
46,4,NDGE24429,전선,8613,컴퓨터보안,3.0,3.0,"월1000-1300(실시간온라인)",박민규,50,실시간온라인,
47,4,NDGE39602,전선,8614,게임프로그래밍,3.0,3.0,"금0930-1230(실시간온라인)",고명철,35,실시간온라인,
48,4,NDGE56030,전선,8619,소프트웨어종합설계,3.0,3.0,"화1330-1500(자연과학관 516), 목1030-1200(자연과학관 516)","김창호, 김정환",35,실험+실습,
49,4,NDGE56030,전선,8620,소프트웨어종합설계,3.0,3.0,"화1030-1200(자연과학관 304), 목1330-1500(상허산학협력관 409)","고명철, 강현규",35,실험+실습,
50,4,NDGE56030,전선,8621,소프트웨어종합설계,3.0,3.0,"화1630-1800(자연과학관 304), 목1630-1800(자연과학관 304)","한상철, 백우진",35,실험+실습,
51,4,NDGE56030,전선,8622,소프트웨어종합설계,3.0,3.0,"월1630-1800(종합강의동302-1), 금0900-1030(종합강의동302-1)","박민규, 신문선",35,실험+실습,
52,4,NDGE56030,전선,8623,소프트웨어종합설계,3.0,3.0,"화1500-1630(자연과학관 417), 목1330-1500(자연과학관 417)",이철원,20,실험+실습,
53,4,NDGE56572,전선,8624,기계학습,3.0,3.0,"금1500-1800(실시간온라인)",백우진,40,실시간온라인,
54,1,BZZA62440,소양,A027,성신의대학생활지도,1.0,2.0,"수1300-1500(종합강의동302-1)",신문선,10,이론,
55,1,BZZA62440,소양,A028,성신의대학생활지도,1.0,2.0,"수1300-1500(자연과학관 516)",이철원,10,이론,
56,1,BZZA62440,소양,A081,성신의대학생활지도,1.0,2.0,"수1300-1500(자연과학관 401)",선우하식,10,이론,
57,1,BZZA62440,소양,A082,성신의대학생활지도,1.0,2.0,"수1300-1500(자연과학관 206)",김창호,10,이론,
58,1,BZZA62440,소양,A083,성신의대학생활지도,1.0,2.0,"수1300-1500(상허산학협력관 409)",강현규,10,이론,
59,1,BZZA62440,소양,A084,성신의대학생활지도,1.0,2.0,"수1300-1500(상허산학협력관 203)",김정환,10,이론,
60,1,BZZA62440,소양,A085,성신의대학생활지도,1.0,2.0,"수1300-1500(상허산학협력관 104)",전흥석,10,이론,
61,1,BZZA62440,소양,A086,성신의대학생활지도,1.0,2.0,"수1300-1500(자연과학관 417)",백우진,10,이론,
62,1,BZZA62440,소양,A087,성신의대학생활지도,1.0,2.0,"수1300-1500(종합강의동302-2)",고명철,10,이론,
63,1,BZZA62440,소양,A088,성신의대학생활지도,1.0,2.0,"수1300-1500(자연과학관 512-1)",박민규,10,이론,
64,1,BZZA62440,소양,A089,성신의대학생활지도,1.0,2.0,"수1300-1500(자연과학관 304)",한상철,10,이론,
